name,latest_round,title,department,listing_location,listing_job_description
Notion,Series C,"Creative Lead, Web",Marketing,"New York, New York","&lt;h3&gt;About Us&lt;/h3&gt;
&lt;p&gt;We&#39;re on a mission to make it possible for every person, team, and company to be able to tailor their software to solve any problem and take on any challenge. Computers may be our most powerful tools, but most of us can&#39;t build or modify the software we use on them every day. At Notion, we want to change this with focus, design, and craft.&lt;/p&gt;
&lt;p&gt;We&#39;ve been working on this together since 2016, and have customers like Pixar, Mitsubishi, Figma, Plaid, Match Group, and thousands more on this journey with us. Today, we&#39;re growing fast and excited for new teammates to join us who are the best at what they do. We&#39;re passionate about building a company as diverse and creative as the millions of people Notion reaches worldwide.&lt;/p&gt;
&lt;p&gt;Notion is an in person company, and currently requires its employees to come to the office for two Anchor Days (Mondays &amp;amp; Thursdays) and requests that employees spend the majority of their week in the office (including a third day).&lt;/p&gt;
&lt;h3&gt;About the role&lt;/h3&gt;
&lt;p&gt;Notion‚Äôs Creative Team is a group of strategists, designers, illustrators, filmmakers, writers, technologists, and producers that deliver on all of Notion‚Äôs brand and creative expressions. We‚Äôre looking for a talented Creative Lead for our website to guide design and planning for our most important touchpoint, &lt;a href=&quot;http://notion.com&quot;&gt;notion.com&lt;/a&gt;.&lt;/p&gt;
&lt;h3&gt;What you&#39;ll achieve&lt;/h3&gt;
&lt;p&gt;As Web Design Lead, you will be responsible for collaboratively shaping the vision for our web design system and key projects, launches, and other special initiatives that contribute to driving excellence in craft and performance for our marketing site. This role reports to the Head of Creative and will:&lt;/p&gt;
&lt;ul&gt;
&lt;li&gt;&lt;strong&gt;Ensure a seamless web experience.&lt;/strong&gt; Develop and maintain Notion‚Äôs web presence, ensuring consistency in design, usability, and performance across all web properties.&lt;/li&gt;
&lt;li&gt;&lt;strong&gt;Lead web creative strategy.&lt;/strong&gt; Partner with cross-functional teams, including Marketing, Product, and Design, to define and execute a cohesive web strategy that aligns with Notion‚Äôs brand and business goals.&lt;/li&gt;
&lt;li&gt;&lt;strong&gt;Innovate through web design and technology.&lt;/strong&gt; Utilize the latest web technologies and design trends to create engaging and interactive web experiences that captivate and convert users.&lt;/li&gt;
&lt;li&gt;&lt;strong&gt;Oversee E2E web projects.&lt;/strong&gt; Manage web projects from initial concept through to final execution, coordinating with stakeholders, setting timelines, and ensuring deliverables are met on schedule.&lt;/li&gt;
&lt;li&gt;&lt;strong&gt;Foster a collaborative web culture.&lt;/strong&gt; Educate and mentor team members on web design best practices, fostering a culture of continuous improvement and innovation within the web creative team.&lt;/li&gt;
&lt;/ul&gt;
&lt;h3&gt;Skills you&#39;ll need to bring&lt;/h3&gt;
&lt;ul&gt;
&lt;li&gt;&lt;strong&gt;A maker and manager:&lt;/strong&gt; You‚Äôll mentor and motivate a talented team of interaction designers, while designing often, too.&lt;/li&gt;
&lt;li&gt;&lt;strong&gt;7+ years experience&lt;/strong&gt; in creative work focused on UX / web projects either in-house or agency-side; 2+ years managing a team of 3+. Work in SaaS, or experience across both B2B and B2C audiences a plus.&lt;/li&gt;
&lt;li&gt;&lt;strong&gt;Highest bar for quality of design:&lt;/strong&gt; You‚Äôre still active in your craft and comfortable pitching in wherever needed to help your team. You‚Äôre a strong collaborator to Eng / PM leads, and with experience working with these functions as well as TPgM. You consider a11y and usability best practices in motivating your decisions.&lt;/li&gt;
&lt;li&gt;&lt;strong&gt;Exceptional eye for detail at every stage:&lt;/strong&gt; You sweat the small stuff, from mobile breakpoints to janky motion. And you consider details in a broader sense as well, emphasizing evidence-led design decision-making, user behavior understanding, coherent journey formation across our website, and an intuitive and seasoned grasp for what will resonate in the market.&lt;/li&gt;
&lt;li&gt;&lt;strong&gt;Systems thinker:&lt;/strong&gt; You delight in building scalable, repeatable systems for a rapidly growing business, and in finding ways to modernize and bring delight to users and prospective customers across B2B and B2C and a range of audiences and profiles.&lt;/li&gt;
&lt;li&gt;&lt;strong&gt;Pacesetting and inspiring leader:&lt;/strong&gt; You motivate your team with mentorship, commitment, and optimism. You define goals and track progress with TPgM Lead and ops partners. You are unfazed by ambiguous problem areas and thrive at running ambitious plans through to completion ‚Äî even as requirements and priorities shift.&lt;/li&gt;
&lt;li&gt;&lt;strong&gt;Creative champion:&lt;/strong&gt; You have both empathy and passion for being an essential part of the creative process and view the quality of the team‚Äôs work as a direct reflection of your own. You‚Äôve led major web work before, and can exemplify best practices and model customer-centricity in your efforts.&lt;/li&gt;
&lt;li&gt;&lt;strong&gt;Outstanding communication skills:&lt;/strong&gt; You are able to articulate a vision, strategy, or idea clearly, keep your team organized, and forge strong partnerships across diverse sets of stakeholders. You‚Äôre comfortable leading cross-team and/or multi-phase projects from ideation through implementation E2E. Your documentation and planning decisions help make ambiguity more tractable to unblock your team.&amp;nbsp;&lt;/li&gt;
&lt;/ul&gt;
&lt;h3&gt;Nice-to-haves&lt;/h3&gt;
&lt;ul&gt;
&lt;li&gt;Experience using Notion - bonus points for both personal and work use!&lt;/li&gt;
&lt;li&gt;Most of the team can code front-end, so coding knowledge (CSS, HTML, JS, React (Next.js), TypeScript) a plus.&lt;/li&gt;
&lt;/ul&gt;
&lt;p&gt;We hire talented and passionate people from a variety of backgrounds because we want our global employee base to represent the wide diversity of our customers. If you‚Äôre excited about a role but your past experience doesn‚Äôt align perfectly with every bullet point listed in the job description, we still encourage you to apply. If you‚Äôre a builder at heart, share our company values, and enthusiastic about making software toolmaking ubiquitous, we want to hear from you.&lt;/p&gt;
&lt;p&gt;Notion is proud to be an equal opportunity employer. We do not discriminate in hiring or any employment decision based on race, color, religion, national origin, age, sex (including pregnancy, childbirth, or related medical conditions), marital status, ancestry, physical or mental disability, genetic information, veteran status, gender identity or expression, sexual orientation, or other applicable legally protected characteristic. Notion considers qualified applicants with criminal histories, consistent with applicable federal, state and local law. Notion is also committed to providing reasonable accommodations for qualified individuals with disabilities and disabled veterans in our job application procedures. If you need assistance or an accommodation due to a disability, please let your recruiter know.&lt;/p&gt;
&lt;p&gt;Notion is committed to providing highly competitive cash compensation, equity, and benefits. The compensation offered for this role will be based on multiple factors such as location, the role‚Äôs scope and complexity, and the candidate‚Äôs experience and expertise, and may vary from the range provided below. For roles based in San Francisco, the estimated base salary range for this role is $200,000 - $260,000&lt;/p&gt;
&lt;p&gt;&amp;nbsp;&lt;/p&gt;"
Candy,,Staff Frontend Software Engineer ,Technology,"New York, NY","&lt;p&gt;&lt;strong&gt;ABOUT US!&lt;br&gt;&lt;/strong&gt;&lt;br&gt;At Candy Digital, we&#39;re driven by a single question: How can Web3 technology revolutionize the world of collectibles?&lt;/p&gt;
&lt;p&gt;Our mission is to take the passion of being a devoted fan and elevate it to new heights by building a fully immersive digital storefront where fans can buy, sell, and trade their digital collectibles with unique, gamified experiences behind each engagement.&lt;/p&gt;
&lt;p&gt;We&#39;re proud to have the support of some of the top leaders in the Web3 space, including Galaxy Digital, ConsenSys Mesh, and Palm. These partners are revolutionizing how we invest in, build, and interact with digital collectibles. We&#39;re excited to work alongside them to create next-generation experiences that deepen fan engagement and connect people to their passions.&lt;/p&gt;
&lt;p&gt;Candy is headquartered in New York City, with a hybrid work environment that thrives on community and inclusivity. Led by innovators across the industry, we foster a culture of meaningful engagement and impactful change, always striving to bring enthusiasts closer to the field and re-envision the world of collectibles.&lt;/p&gt;
&lt;p&gt;Fandom, reimagined.&lt;/p&gt;
&lt;p&gt;&lt;strong&gt;SO YOU WANT TO JOIN CANDY?&lt;/strong&gt;&lt;strong&gt;&lt;br&gt;&lt;/strong&gt;&lt;span style=&quot;font-weight: 400;&quot;&gt;&lt;br&gt;&lt;/span&gt;&lt;span style=&quot;font-weight: 400;&quot;&gt;We are looking for an experienced &lt;strong&gt;Senior Front-End Software Engineer&lt;/strong&gt; to join our Engineering department. In this role, we are looking for start-up minded, driven developers that love building from the ground up. In this role you will be helping design and architect our marketplace from the ground-up so senior level experience is preferred but also those that have a strong start-up mentality will do well in this role.&lt;/span&gt;&lt;span style=&quot;font-weight: 400;&quot;&gt;&lt;br&gt;&lt;/span&gt;&lt;span style=&quot;font-weight: 400;&quot;&gt;&lt;br&gt;&lt;/span&gt;&lt;span style=&quot;font-weight: 400;&quot;&gt;We are searching for creative minds that are excited to take on challenges in the immediate while providing vision to the future. We want builders, innovators, and those that can not only think outside the box, but collaborate outside the box.&lt;/span&gt;&lt;/p&gt;
&lt;p&gt;&amp;nbsp;&lt;/p&gt;
&lt;p&gt;&lt;strong&gt;AS OUR MOST VALUABLE PLAYER, YOU WILL...&lt;/strong&gt;&lt;/p&gt;
&lt;ul&gt;
&lt;li style=&quot;font-weight: 400;&quot;&gt;&lt;span style=&quot;font-weight: 400;&quot;&gt;Design and plan new features that will lay the foundation for Candy&#39;s marketplace and customer-facing applications.&amp;nbsp;&lt;/span&gt;&lt;/li&gt;
&lt;li style=&quot;font-weight: 400;&quot;&gt;&lt;span style=&quot;font-weight: 400;&quot;&gt;Write robust, scalable, well-designed software that is easy to maintain and well tested.&amp;nbsp;&lt;/span&gt;&lt;/li&gt;
&lt;li style=&quot;font-weight: 400;&quot;&gt;&lt;span style=&quot;font-weight: 400;&quot;&gt;Push and refine our technology, user experience, and creative practices.&lt;/span&gt;&lt;/li&gt;
&lt;li style=&quot;font-weight: 400;&quot;&gt;&lt;span style=&quot;font-weight: 400;&quot;&gt;Create online experiences our customers love.&lt;/span&gt;&lt;/li&gt;
&lt;/ul&gt;
&lt;p&gt;&lt;strong&gt;WHO ARE YOU?&lt;/strong&gt;&lt;/p&gt;
&lt;ul&gt;
&lt;li style=&quot;font-weight: 400;&quot;&gt;&lt;span style=&quot;font-weight: 400;&quot;&gt;You have tenured experience with Typescript, HTML, and CSS.&lt;/span&gt;&lt;/li&gt;
&lt;li style=&quot;font-weight: 400;&quot;&gt;&lt;span style=&quot;font-weight: 400;&quot;&gt;You have strong experience with multiple modern JavaScript frameworks like React / Next.js, Node, and Vue.&lt;/span&gt;&lt;/li&gt;
&lt;li style=&quot;font-weight: 400;&quot;&gt;&lt;span style=&quot;font-weight: 400;&quot;&gt;You have working experience with building component libraries in collaboration with product designers.&lt;/span&gt;&lt;/li&gt;
&lt;li style=&quot;font-weight: 400;&quot;&gt;&lt;span style=&quot;font-weight: 400;&quot;&gt;You have a deep understanding of systems design and architecture.&lt;/span&gt;&lt;/li&gt;
&lt;li style=&quot;font-weight: 400;&quot;&gt;&lt;span style=&quot;font-weight: 400;&quot;&gt;You have a Bachelor&#39;s degree in Computer Science, HCI, Design, or equivalent practical experience.&lt;/span&gt;&lt;/li&gt;
&lt;li style=&quot;font-weight: 400;&quot;&gt;&lt;span style=&quot;font-weight: 400;&quot;&gt;You have advanced experience in designing and implementing user interfaces.&lt;/span&gt;&lt;/li&gt;
&lt;li style=&quot;font-weight: 400;&quot;&gt;&lt;span style=&quot;font-weight: 400;&quot;&gt;You have an understanding of the modern deployment process, comfort with docker, containers, and Kubernetes.&lt;/span&gt;&lt;/li&gt;
&lt;li style=&quot;font-weight: 400;&quot;&gt;&lt;span style=&quot;font-weight: 400;&quot;&gt;You are driven and can execute several initiatives simultaneously.&lt;/span&gt;&lt;/li&gt;
&lt;li style=&quot;font-weight: 400;&quot;&gt;&lt;span style=&quot;font-weight: 400;&quot;&gt;You take ownership of everything you do and have opinions on the features you‚Äôre working on.&lt;/span&gt;&lt;/li&gt;
&lt;li style=&quot;font-weight: 400;&quot;&gt;&lt;span style=&quot;font-weight: 400;&quot;&gt;You are a standout colleague and strive for having excellent collaboration across teams, functions, and locations.&lt;/span&gt;&lt;/li&gt;
&lt;li style=&quot;font-weight: 400;&quot;&gt;&lt;span style=&quot;font-weight: 400;&quot;&gt;You have a love of sports, collectibles, blockchain and crypto!&lt;/span&gt;&lt;/li&gt;
&lt;/ul&gt;
&lt;p&gt;&amp;nbsp;&lt;/p&gt;
&lt;p&gt;&lt;strong&gt;You‚Äôll Love Working here because...&lt;/strong&gt;&lt;/p&gt;
&lt;ul&gt;
&lt;li style=&quot;font-weight: 400;&quot;&gt;&lt;strong&gt;Our People&lt;/strong&gt;&lt;span style=&quot;font-weight: 400;&quot;&gt;. You will be working with the top players who are the most talented, fun, supportive, and innovative leaders and teams. Aka, people you can be proud to work with!&lt;/span&gt;&lt;/li&gt;
&lt;li style=&quot;font-weight: 400;&quot;&gt;&lt;strong&gt;Our Mission. &lt;/strong&gt;&lt;span style=&quot;font-weight: 400;&quot;&gt;We believe that we are building something great and that the best things we create will make the world a better place. Our goal is to deepen our connection through experiences to fans and collectors globally.&lt;/span&gt;&lt;/li&gt;
&lt;li style=&quot;font-weight: 400;&quot;&gt;&lt;strong&gt;Perks.&lt;/strong&gt;&lt;span style=&quot;font-weight: 400;&quot;&gt; Our team-based culture provides the foundation for people to do their best work and constantly learn and grow. We offer a full slate of benefits, including competitive salaries, stock options, health coverage, and unlimited vacation. Given that we‚Äôre an early-stage startup, our benefits package continues to evolve as we do. Your ideas and suggestions matter to us!&amp;nbsp;&lt;/span&gt;&lt;/li&gt;
&lt;/ul&gt;
&lt;p&gt;&amp;nbsp;&lt;/p&gt;
&lt;p&gt;&lt;strong&gt;Our Core Values.&lt;/strong&gt;&lt;/p&gt;
&lt;ul&gt;
&lt;li style=&quot;font-weight: 400;&quot;&gt;&lt;strong&gt;Trust. &lt;/strong&gt;&lt;span style=&quot;font-weight: 400;&quot;&gt;We safeguard the goal. We believe we will only succeed if we earn trust ‚Äì trust of our people, trust of our customers, trust of our partners. We will strive to achieve and keep faith at all times.&lt;/span&gt;&lt;/li&gt;
&lt;li style=&quot;font-weight: 400;&quot;&gt;&lt;strong&gt;Innovation.&lt;/strong&gt;&lt;span style=&quot;font-weight: 400;&quot;&gt; We dream big. We‚Äôre endlessly curious and constantly searching for the best, the better, and the never-before imagined.&lt;/span&gt;&lt;/li&gt;
&lt;li style=&quot;font-weight: 400;&quot;&gt;&lt;strong&gt;Excellence. &lt;/strong&gt;&lt;span style=&quot;font-weight: 400;&quot;&gt;We take big swings. We have high expectations of ourselves in everything we do.&lt;/span&gt;&lt;/li&gt;
&lt;li style=&quot;font-weight: 400;&quot;&gt;&lt;strong&gt;Grit.&lt;/strong&gt;&lt;span style=&quot;font-weight: 400;&quot;&gt; We push past the finish line until the last second. Giving up is not an option. We will always find a way.&amp;nbsp;&lt;/span&gt;&lt;/li&gt;
&lt;li style=&quot;font-weight: 400;&quot;&gt;&lt;strong&gt;Inclusion.&lt;/strong&gt;&lt;span style=&quot;font-weight: 400;&quot;&gt; We are a team player, and we are in it together. We believe that diverse thinking comes from different thinkers, and we need all perspectives to come together and win.&lt;/span&gt;&lt;/li&gt;
&lt;li style=&quot;font-weight: 400;&quot;&gt;&lt;strong&gt;Authenticity. &lt;/strong&gt;&lt;span style=&quot;font-weight: 400;&quot;&gt;We are the real deal and always authentic in what we create, our dealings with others, and in who we are as human beings.&amp;nbsp;&lt;/span&gt;&lt;/li&gt;
&lt;li&gt;&lt;strong&gt;Accountability. &lt;/strong&gt;&lt;span style=&quot;font-weight: 400;&quot;&gt;We carry the ball. We hold ourselves to the highest moral and ethical standards. We will be fair and honest and take responsibility for our actions.&lt;/span&gt;&lt;/li&gt;
&lt;/ul&gt;"
Cake,Pre Seed,Senior Frontend Engineer / Ë≥áÊ∑±ÂâçÁ´ØÂ∑•Á®ãÂ∏´,Product,Taipei,"&lt;div class=&quot;content-intro&quot;&gt;&lt;p&gt;&lt;a href=&quot;https://www.cakeresume.com/companies/cakeresume&quot;&gt;&lt;strong&gt;Cake&lt;/strong&gt;&lt;/a&gt; is an international talent platform providing one of the world&#39;s top online resume-building tools, bringing global opportunities to talent in the digital age.&lt;br&gt;&lt;br&gt;Since launching in May 2016 in Silicon Valley, we now manage over 6M talent profiles &amp;amp; 7K company profiles on CakeResume. Innovative companies like Google, Dell, IBM, and TSMC, as well as leading brands of all kinds including L&#39;Or√©al, P&amp;amp;G, and many more, are working intensively with Cake for better talent engagement.&amp;nbsp;&lt;br&gt;&lt;br&gt;We&#39;re a growing team of 100+ creatives, business talents, marketing gurus, and techies, dedicated to creating an ecosystem where great talents can meet great companies efficiently and build a world-class brand along the way!&amp;nbsp;&lt;/p&gt;
&lt;h4&gt;&lt;strong&gt;What We Offer&lt;/strong&gt;&lt;/h4&gt;
&lt;ul&gt;
&lt;li&gt;Generous time off policy and flexible work arrangement&lt;/li&gt;
&lt;li&gt;Continuous learning opportunities through training and sharing for new markets and different industries&lt;/li&gt;
&lt;li&gt;Team spirit environment - we work hard, play hard, and celebrate even harder!&lt;/li&gt;
&lt;/ul&gt;
&lt;hr&gt;
&lt;p&gt;&amp;nbsp;&lt;/p&gt;&lt;/div&gt;&lt;p&gt;&amp;nbsp;&lt;/p&gt;
&lt;div class=&quot;ContentSection_contentSection__ELRlG&quot;&gt;
&lt;h3 class=&quot;ContentSection_title__fcZYs&quot;&gt;Job Description&lt;/h3&gt;
&lt;div class=&quot;ContentSection_content__e3ios&quot;&gt;
&lt;div class=&quot;RailsHtml_container__LlMcK&quot;&gt;
&lt;p&gt;We are currently seeking a senior frontend software engineer who is a self-starter to join our team. Together, we will build world-class products that help people all over the world.&lt;/p&gt;
&lt;p&gt;As a key contributor, you will continuously deliver new ideas and implementations into production. You will play a pivotal role in reshaping the current talent/labor market with the help of technology.&lt;/p&gt;
&lt;p&gt;Your dedication to leveraging technology for positive change will be instrumental in developing Cake. By doing so, you will empower individuals to seamlessly discover incredible opportunities. If you&#39;re excited about using your skills to make a meaningful impact, then this role is perfect for you!&lt;br&gt;&lt;br&gt;&lt;/p&gt;
&lt;h4&gt;&lt;strong&gt;Our Stacks&lt;/strong&gt;&lt;/h4&gt;
&lt;p&gt;Backend: Ruby on Rails, PostgreSQL, Heroku/AWS, GraphQL&lt;br&gt;Frontend: React.js, Node.js, Next.js, GraphQL&lt;/p&gt;
&lt;p&gt;&amp;nbsp;&lt;/p&gt;
&lt;h4&gt;Responsibilities&lt;/h4&gt;
&lt;ul&gt;
&lt;li&gt;Understand product and business goals, and can be well balanced between user experience, business goal, and software quality when developing engineering strategies.&lt;/li&gt;
&lt;li&gt;Passionate about building infrastructure, solving challenging problems, and developing fast, reliable, and robust systems with engineering teams.&lt;/li&gt;
&lt;li&gt;Improve code by paying attention to performance, stability, scalability, and reliability.&lt;/li&gt;
&lt;/ul&gt;
&lt;p&gt;&amp;nbsp;&lt;/p&gt;
&lt;/div&gt;
&lt;/div&gt;
&lt;/div&gt;
&lt;div class=&quot;ContentSection_contentSection__ELRlG&quot;&gt;
&lt;h3 class=&quot;ContentSection_title__fcZYs&quot;&gt;Requirements&lt;/h3&gt;
&lt;div class=&quot;ContentSection_content__e3ios&quot;&gt;
&lt;div class=&quot;RailsHtml_container__LlMcK&quot;&gt;
&lt;h4&gt;Qualifications&lt;/h4&gt;
&lt;ul&gt;
&lt;li&gt;3+ years of work experience as a frontend engineer&lt;/li&gt;
&lt;li&gt;Familiar with React and its ecosystem&lt;/li&gt;
&lt;li&gt;Familiar with Redux and Redux-Saga&lt;/li&gt;
&lt;li&gt;Solid experience and knowledge of JavaScript&lt;/li&gt;
&lt;li&gt;Proficient in ensuring seamless alignment between web design elements and user experience requirements&lt;/li&gt;
&lt;/ul&gt;
&lt;h4&gt;Bonus Qualifications&lt;/h4&gt;
&lt;ul&gt;
&lt;li&gt;Proficient in JavaScript frameworks (such as Next.js)&lt;/li&gt;
&lt;li&gt;Experience in tuning frontend web performance&lt;/li&gt;
&lt;li&gt;Experience with backend development&lt;/li&gt;
&lt;li&gt;Experience with DevOps&lt;/li&gt;
&lt;li&gt;Experience with cloud platforms, such as AWS, GCP, etc.&lt;/li&gt;
&lt;/ul&gt;
&lt;/div&gt;
&lt;/div&gt;
&lt;/div&gt;
&lt;div class=&quot;ContentSection_contentSection__ELRlG&quot;&gt;
&lt;h3 class=&quot;ContentSection_title__fcZYs&quot;&gt;Interview process&lt;/h3&gt;
&lt;div class=&quot;ContentSection_content__e3ios&quot;&gt;
&lt;div class=&quot;RailsHtml_container__LlMcK&quot;&gt;
&lt;ol&gt;
&lt;li&gt;Online logical test&lt;/li&gt;
&lt;li&gt;30 minutes online phone screen with HR&lt;/li&gt;
&lt;li&gt;30 minutes online technical interview with Senior Engineers&lt;/li&gt;
&lt;li&gt;2~3 hours onsite interview (which includes an algorithm test, a coding test and a potential group interview with the dev team)&lt;/li&gt;
&lt;/ol&gt;
&lt;p&gt;&amp;nbsp;&lt;/p&gt;
&lt;p&gt;We prefer applicants who are able to demonstrate their uniqueness as a candidate and tell us how they can bring value to Cake in a cover letter.&lt;/p&gt;
&lt;p&gt;Within your cover letter, please include the following:&lt;/p&gt;
&lt;p&gt;(1) Past project developments that brought you a strong sense of achievement (e.g., driving implementation of new technologies within a team).&lt;/p&gt;
&lt;p&gt;(2) Your most standout technical highlights or features that distinguish you from other frontend engineers.&lt;/p&gt;
&lt;/div&gt;
&lt;/div&gt;
&lt;/div&gt;
&lt;p&gt;&amp;nbsp;&lt;/p&gt;&lt;div class=&quot;content-conclusion&quot;&gt;&lt;p&gt;&amp;nbsp;&lt;/p&gt;
&lt;hr&gt;
&lt;p&gt;&lt;em&gt;We understand that no candidate is perfectly qualified for any job and believe that diversity of background and thought makes for better problem-solving and creative thinking, which is why we&#39;re dedicated to adding new perspectives to the team. What&#39;s even more important than your resume is a positive attitude, passion for the work, personal drive for growth, and the ability to thrive in a fluid and collaborative environment. We want you to learn new things in this role and encourage you to apply even if your experience doesn&#39;t align perfectly with what is listed here.&lt;/em&gt;&lt;/p&gt;&lt;/div&gt;"
10up,,Associate Director of JavaScript Engineering,JavaScript Engineering,Remote,"&lt;div&gt;
&lt;div&gt;
&lt;div&gt;&lt;strong&gt;Location: Remote ‚Äì U.S. Aligned&lt;/strong&gt; (Open to applicants located anywhere in U.S aligned time zones.)&lt;/div&gt;
&lt;div&gt;&amp;nbsp;&lt;/div&gt;
&lt;div&gt;As a 10upper, you are an integral part in crafting complex web applications utilized by millions of people daily. 10uppers have been pushing the boundaries of the web for over 12 years‚Äîbecome part of the team that innovates the internet by building state-of-the-art web experiences alongside a top-in-the-field team.&lt;/div&gt;
&lt;div&gt;&amp;nbsp;&lt;/div&gt;
&lt;div&gt;As the&amp;nbsp; Associate Director of JavaScript Engineering you will serve as the JavaScript Engineering lead for large projects for enterprise customers, delivering high quality customer service, team leadership, and hands-on coding. Additionally, you will help oversee and ensure the success of advanced JavaScript projects and JavaScript Engineers. Working in coordination with engineering, accounts, and client delivery leadership, you&amp;nbsp; will work to identify and surface personnel deficiencies and opportunities for JavaScript Engineers to grow their skill sets and serve as a coach and mentor as needed. Additionally, you&amp;nbsp; will help drive JavaScript Engineering best practices, processes, and tooling at 10up.&lt;/div&gt;
&lt;div&gt;&amp;nbsp;&lt;/div&gt;
&lt;div&gt;As a leading digital agency, 10up‚Äôs client roster spans from innovative startups and impactful non-profits to some of the biggest names in the industry, such as ESPN, Google, The New York Times Co., Microsoft, and The Nobel Prize Committee.&lt;/div&gt;
&lt;div&gt;&amp;nbsp;&lt;/div&gt;
&lt;div&gt;As a 10upper, you have options for flexible and alternative work schedules. Intentionally remote since day one, spanning six continents and 40 countries, 10up fully embraces the benefits of distributed work.&lt;/div&gt;
&lt;/div&gt;
&lt;div&gt;&amp;nbsp;&lt;/div&gt;
&lt;/div&gt;
&lt;div&gt;What you will do:&amp;nbsp;&lt;/div&gt;
&lt;div&gt;
&lt;ul&gt;
&lt;li&gt;Lead, architect, and build complex JavaScript projects in both client and server-side environments.&lt;/li&gt;
&lt;li&gt;Coach and mentor fellow engineers to boost the team&#39;s capabilities.&lt;/li&gt;
&lt;li&gt;Help lead internal JavaScript best practices, processes, and tooling.&lt;/li&gt;
&lt;li&gt;Support sales and project team to estimate and scope work for large applications.&lt;/li&gt;
&lt;li&gt;Estimate JavaScript work and modularize goals into clearly defined, executable tasks.&lt;/li&gt;
&lt;li&gt;Skillfully connect engineering deliverables to client business objectives.&lt;/li&gt;
&lt;li&gt;Ultimately you will make the web better by finely crafting apps, and tools that reach millions of online visitors every day.&lt;/li&gt;
&lt;/ul&gt;
&lt;/div&gt;
&lt;div&gt;
&lt;p&gt;About you:&amp;nbsp;&lt;/p&gt;
&lt;ul&gt;
&lt;li&gt;You have a strong experience with web technologies, the JavaScript language and its ecosystem.&lt;/li&gt;
&lt;li&gt;You love building scalable web-based JavaScript applications with ES6+, React, &lt;a class=&quot;postings-link&quot; href=&quot;http://next.js/&quot;&gt;Next.js&lt;/a&gt; and Node.&lt;/li&gt;
&lt;li&gt;You are well-versed with the architectural concepts behind React - state and data management, JSX, creating a componentized system, and JavaScript tooling.&lt;/li&gt;
&lt;li&gt;You have experience working with headless CMS, such as Sanity and WordPress.&lt;/li&gt;
&lt;li&gt;You are knowledgeable of PHP in WordPress as a platform, including custom post types, taxonomies, and use of WordPress beyond typical ‚Äúblog‚Äù use cases.&lt;/li&gt;
&lt;li&gt;You have experience leading teams and coaching other engineers.&lt;/li&gt;
&lt;li&gt;You have a code portfolio of real-world samples. Link us to your best work on GitHub and you‚Äôll never have to do any live coding or whiteboard testing!&amp;nbsp;&lt;/li&gt;
&lt;li&gt;You prefer to work fully remote and are effectively engaging in a distributed team from the location of your choosing.&lt;/li&gt;
&lt;/ul&gt;
&lt;p&gt;Benefits of interest:&lt;/p&gt;
&lt;ul&gt;
&lt;li&gt;Multiple paid time off programs, including accrued PTO, parental leave, bereavement leave, and company holidays ‚Äì including an all-company break from Christmas Eve to New Years Day.&lt;/li&gt;
&lt;li&gt;Health, dental, and life insurance programs (available for United States team members).&lt;/li&gt;
&lt;li&gt;Retirement contribution programs (currently available in the U.S. and U.K.).&lt;/li&gt;
&lt;li&gt;Flexible and alternate schedule programs - including options for 4-day work week (Monday-Thursday) configurations.&lt;/li&gt;
&lt;li&gt;$3,000 USD accrued annually in professional development budget for you to spend on conferences, training, or to buy back time for programs like independent study.&lt;/li&gt;
&lt;li&gt;Global Company summits ‚Äì opportunities to meet, socialize and learn with fellow 10uppers in person at remarkable destinations.&amp;nbsp;&lt;/li&gt;
&lt;li&gt;An end-of-year all-hands bonus program, along with smaller opportunities for recognition throughout the year.&lt;/li&gt;
&lt;li&gt;A Director of Engineering that supports your career growth and development.&lt;/li&gt;
&lt;/ul&gt;
&lt;p&gt;The expected annual salary range for this position is between &lt;strong&gt;$100,000 and $150,000 USD&lt;/strong&gt;. Compensation is determined based on a variety of factors including relevant experience, other job related qualifications/skills, geographic location, and business needs.&lt;/p&gt;
&lt;div&gt;&lt;strong&gt;Join our team!&amp;nbsp;&lt;/strong&gt;&lt;/div&gt;
&lt;div&gt;&amp;nbsp;&lt;/div&gt;
&lt;div&gt;If you are passionate about 10up&#39;s mission and think you have what it takes to be successful in this role even if you don&#39;t check all the boxes, please apply. We&#39;d appreciate the opportunity to personally review your application. Everyone gets a response.&lt;/div&gt;
&lt;div&gt;&amp;nbsp;&lt;/div&gt;
&lt;div&gt;Read more about &lt;a class=&quot;postings-link&quot; href=&quot;https://drive.google.com/file/d/1nQ9yWRqfDAdrriYRnBNzYo7w59auYxMe/view&quot;&gt;What to Expect &lt;/a&gt;through our Recruiting process.&lt;/div&gt;
&lt;div&gt;&amp;nbsp;&lt;/div&gt;
&lt;div&gt;We don&#39;t want you to miss any communication from us! To ensure you receive updates on your application, please add jobs@10up.com to your contacts list! #LI-Remote&lt;/div&gt;
&lt;/div&gt;
&lt;div&gt;&amp;nbsp;&lt;/div&gt;"
Privy,Seed,Staff Fullstack Software Engineer,Engineering,New York,"<p style=""min-height:1.5em"">As a Fullstack Software Engineer at Privy, you will take on large areas of ownership in Privy‚Äôs product, architecture, and infrastructure. Because we build a developer tool, engineering and product are inextricably connected. We value intuitive interfaces, simplicity, and rapid iteration. Above all, we are building a company together to ship products that users love.</p><h2></h2><p style=""min-height:1.5em""></p><h2><strong>What you'll do</strong></h2><ul style=""min-height:1.5em""><li><p style=""min-height:1.5em"">Design intuitive interfaces to break down complex systems and turn them into delightful developer tooling</p></li><li><p style=""min-height:1.5em"">Build and integrate systems end-to-end across client-side and server-side APIs to enable a seamless developer experience</p></li><li><p style=""min-height:1.5em"">Design and implement end-to-end product features driven by user needs</p></li><li><p style=""min-height:1.5em"">Advocate for usability and interface coherence across our teams and products</p></li><li><p style=""min-height:1.5em"">Enforce web development best practices across our entire product collaborating with other core stakeholders</p><p style=""min-height:1.5em""></p></li></ul><h2><strong>What we're looking for</strong></h2><ul style=""min-height:1.5em""><li><p style=""min-height:1.5em"">Deep knowledge of React, Typescript, Next.js</p></li><li><p style=""min-height:1.5em"">Experience building and maintaining a production system at scale</p></li><li><p style=""min-height:1.5em"">Prior experience working closely with a designer to iterate on a product</p></li><li><p style=""min-height:1.5em"">An understanding of modern web development best practices</p></li><li><p style=""min-height:1.5em"">Experience writing delightful developer documentation</p></li><li><p style=""min-height:1.5em"">5+ years of experience</p><p style=""min-height:1.5em""></p></li></ul><h2><strong>Bonus points if you have...</strong></h2><ul style=""min-height:1.5em""><li><p style=""min-height:1.5em"">Written open-source developer tooling</p></li><li><p style=""min-height:1.5em"">Published about your work (code, presentations, papers, blog posts, etc.)</p></li><li><p style=""min-height:1.5em"">Past experience working in authentication, security, or in web3</p></li></ul><p style=""min-height:1.5em""></p><h2><strong>Engineering at Privy</strong></h2><p style=""min-height:1.5em""></p><p style=""min-height:1.5em"">Engineering at Privy is not just about writing world-class code. We create software that turns complex technical systems into delightful developer tools. We assemble tried-and-true primitives into intuitive, responsive APIs and beautiful interfaces. We believe in open-source work and transparency with our teammates and users. We encourage each other to think big, run experiments and follow our curiosity so we can build better tooling that lets developers shine and empowers their users.</p><h2></h2><p style=""min-height:1.5em""><em>Privy is an equal opportunity employer. We celebrate diversity and are committed to creating an inclusive environment for all employees, regardless of background, identity, or status.</em></p><p style=""min-height:1.5em""></p>"
UpCodes,Series A,Sr. Software Engineer,Engineering,Remote,"<p style=""min-height:1.5em""><strong>THE ROLE</strong></p><p style=""min-height:1.5em"">As a foundational member of our engineering team, you'll be involved in end-to-end development on features across our web product.</p><p style=""min-height:1.5em"">We have a frequent cadence of shipping new features and a close connection to our market.¬† With 700k monthly active users spending hundreds of thousands of hours on the platform, each contribution and feature you ship will have a meaningful impact for the users.</p><p style=""min-height:1.5em"">Since we're a startup, you'll have to be willing to get your hands dirty with (and learn) everything across the stack: API design, devops, frontend, data engineering, algorithms, AI, startup engineering, analytics, etc.¬† You'll also mentor junior software engineers.</p><p style=""min-height:1.5em"">¬†</p><p style=""min-height:1.5em""><strong>THE IDEAL CANDIDATE</strong></p><ul style=""min-height:1.5em""><li><p style=""min-height:1.5em"">5+ years of experience building web apps</p></li><li><p style=""min-height:1.5em"">Clean simple code, even when solving complex problems</p></li><li><p style=""min-height:1.5em"">Good systems design and architecture knowledge</p></li><li><p style=""min-height:1.5em"">Good knowledge of the software life cycle, including code reviews, testing, team organization</p></li><li><p style=""min-height:1.5em"">Ability to balance business concerns with engineering considerations</p></li><li><p style=""min-height:1.5em"">Ability to learn new tech quickly</p></li><li><p style=""min-height:1.5em"">Experience mentoring junior engineers</p></li><li><p style=""min-height:1.5em"">Experience interacting with multiple stakeholders</p></li><li><p style=""min-height:1.5em"">Enjoyable to work with</p></li></ul><p style=""min-height:1.5em""></p><p style=""min-height:1.5em""><strong>TECHNOLOGY STACK</strong></p><ul style=""min-height:1.5em""><li><p style=""min-height:1.5em"">Python, PostgreSQL, FastAPI, Redis, TypeScript, React, Next.js, Tailwind, AWS, Kubernetes, Prometheus, Pinecone, GPT-4</p></li></ul><p style=""min-height:1.5em""></p><p style=""min-height:1.5em"">¬†<strong>EXAMPLE PROJECTS</strong></p><ul style=""min-height:1.5em""><li><p style=""min-height:1.5em"">Craft plan to measure and improve our search engine</p></li><li><p style=""min-height:1.5em"">Improve and migrate our data model for the content we host</p></li><li><p style=""min-height:1.5em"">Migrate our NLP algorithms over to use LLMs</p></li><li><p style=""min-height:1.5em"">Do thorough, prompt code reviews</p></li><li><p style=""min-height:1.5em"">Implement developer tools to help with code quality</p></li></ul><p style=""min-height:1.5em""></p><p style=""min-height:1.5em""><strong>Job Type</strong>: Full-Time</p><p style=""min-height:1.5em""><strong>Location</strong>: 100% remote</p><p style=""min-height:1.5em""><strong>US-based comp range</strong>*: $140k-$185k </p><p style=""min-height:1.5em""><strong>Latin America-based comp range*</strong>: $105k-$140k (USD)</p><p style=""min-height:1.5em""><strong>Canada-based comp range*:</strong> $125k-$165k (USD)</p><p style=""min-height:1.5em""><br />* Plus equity (cost of living agnostic)</p>"
Fruition,,CI/CD - Site Reliability Engineer,,Denver or Remote,"&lt;p&gt;&lt;a href=&quot;https://fruition.net&quot; target=&quot;_blank&quot;&gt;Fruition&lt;/a&gt; is a leader in software development with a focus on delivering high-quality web solutions for clients across various sectors. Our projects involve a mix of content management systems, including Drupal, WordPress, and custom Python and Next.js applications. We are currently seeking an experienced SRE contractor whose first set of tasks is improving our CI/CD process. Additional work includes improving observability using Prometheus, Grafana, and helping with site migrations onto our Kubernetes platform.&amp;nbsp;&lt;/p&gt;
&lt;p&gt;&lt;strong&gt;Initial Tasks:&lt;/strong&gt;&lt;/p&gt;
&lt;p&gt;As an SRE -&amp;nbsp; CI/CD Contractor at Fruition, your first tasks will be converting gitlab CI/CDs which include various tests into Buddy.works. You will play a crucial role in optimizing our CI/CD pipelines for various content management systems and web applications.&lt;/p&gt;
&lt;p&gt;You will also be responsible for migrating our existing CI/CD workflows from GitLab to Buddy Works, along with configuring Prometheus for monitoring and reporting.&lt;/p&gt;
&lt;p&gt;&lt;strong&gt;Key Responsibilities:&lt;/strong&gt;&lt;/p&gt;
&lt;ol&gt;
&lt;li&gt;
&lt;p&gt;&lt;strong&gt;CI/CD Pipeline Optimization:&lt;/strong&gt;&lt;/p&gt;
&lt;ul&gt;
&lt;li&gt;Collaborate with our development teams to migrate our existing CI/CD pipelines from gitlab to buddy.works. While making the builds as efficient for Drupal, WordPress, Python, and Next.js applications as possible.&lt;/li&gt;
&lt;li&gt;Implement and or improve best practices for automated testing, code quality checks, and deployment strategies.&lt;/li&gt;
&lt;/ul&gt;
&lt;/li&gt;
&lt;li&gt;
&lt;p&gt;&lt;strong&gt;Migration to Buddy Works:&lt;/strong&gt;&lt;/p&gt;
&lt;ul&gt;
&lt;li&gt;Lead the migration of our CI/CD processes from GitLab CI/CD to Buddy Works, ensuring a seamless transition.&lt;/li&gt;
&lt;li&gt;Configure and maintain CI/CD pipelines in Buddy Works for different project types.&lt;/li&gt;
&lt;/ul&gt;
&lt;/li&gt;
&lt;li&gt;
&lt;p&gt;&lt;strong&gt;Kubernetes and Rancher Integration:&lt;/strong&gt;&lt;/p&gt;
&lt;ul&gt;
&lt;li&gt;Work with our infrastructure team to integrate CI/CD pipelines with Kubernetes and Rancher for containerized deployments.&lt;/li&gt;
&lt;li&gt;Ensure that deployment workflows are scalable and reliable.&lt;/li&gt;
&lt;/ul&gt;
&lt;/li&gt;
&lt;li&gt;
&lt;p&gt;&lt;strong&gt;CMS and Application Support:&lt;/strong&gt;&lt;/p&gt;
&lt;ul&gt;
&lt;li&gt;Provide support for CI/CD processes related to Drupal, WordPress, Python, and Next.js sites.&lt;/li&gt;
&lt;li&gt;Troubleshoot deployment issues and optimize deployment configurations.&lt;/li&gt;
&lt;/ul&gt;
&lt;/li&gt;
&lt;li&gt;
&lt;p&gt;&lt;strong&gt;Prometheus Configuration:&lt;/strong&gt;&lt;/p&gt;
&lt;ul&gt;
&lt;li&gt;Continue to refine our Prometheus/Grafana for monitoring and reporting on the health and performance of our applications.&lt;/li&gt;
&lt;li&gt;Define and configure alerting rules to proactively address issues.&lt;/li&gt;
&lt;/ul&gt;
&lt;/li&gt;
&lt;li&gt;&lt;strong&gt;Assist with Site Migrations&lt;/strong&gt;
&lt;ul&gt;
&lt;li&gt;Script out mass site migrations from generic hosting provides to Fruition&#39;s Kubernetes environment.&amp;nbsp;&lt;/li&gt;
&lt;/ul&gt;
&lt;/li&gt;
&lt;li style=&quot;font-weight: bold;&quot;&gt;&lt;strong&gt;Build and Keep Images updates&lt;/strong&gt;&lt;/li&gt;
&lt;/ol&gt;
&lt;p&gt;&lt;strong&gt;Qualifications:&lt;/strong&gt;&lt;/p&gt;
&lt;ul&gt;
&lt;li&gt;Experience in implementing CI/CD pipelines for Drupal, WordPress, Python, and Next.js applications.&lt;/li&gt;
&lt;li&gt;Familiarity with GitLab, GitHub, Buddy Works, Kubernetes, and Rancher.&lt;/li&gt;
&lt;li&gt;Strong scripting and automation skills (e.g., shell scripting, Python, or other scripting languages).&lt;/li&gt;
&lt;li&gt;Experience with containerization and orchestration technologies (Docker, Kubernetes, Rancher).&lt;/li&gt;
&lt;li&gt;Knowledge of Prometheus or similar monitoring tools.&lt;/li&gt;
&lt;li&gt;Excellent problem-solving and troubleshooting abilities.&lt;/li&gt;
&lt;li&gt;Strong communication and collaboration skills.&lt;/li&gt;
&lt;li&gt;Self-motivated and able to work independently.&lt;/li&gt;
&lt;/ul&gt;
&lt;p&gt;&lt;strong&gt;Additional Information:&lt;/strong&gt;&lt;/p&gt;
&lt;ul&gt;
&lt;li&gt;This is an hourly contract position.&lt;/li&gt;
&lt;li&gt;You&#39;ll work with under guidance from a Senior Kubernetes Engineer, Senior Developers.&amp;nbsp;&lt;/li&gt;
&lt;li&gt;The initial tasks will take a few weeks but if its a good fit we expect ongoing work.&amp;nbsp;&lt;/li&gt;
&lt;/ul&gt;"
Lattice,,"Software Engineer, Talent Suite",Engineering,"SF, NYC, Remote","&lt;h2&gt;This is Engineering at Lattice&lt;/h2&gt;
&lt;p&gt;Lattice‚Äôs Engineering team is continuously working to better both our product and our craft. We use a modern, cutting-edge tech stack aimed at developer productivity and delight. We strive for maintainable, robust, and performant code. We‚Äôre highly collaborative and continuously iterative and work closely with designers and product managers. We prioritize not only great technical architecture but also an amazing product experience.&lt;/p&gt;
&lt;h2&gt;What You Will Do&lt;/h2&gt;
&lt;p&gt;You will play an important role in working on our Grow, Goals, and Manager Tools (feedback, 1:1s, updates) products which empower managers to cultivate continuous, meaningful interactions with their direct reports to drive impactful outcomes. In this role, you will also:&lt;/p&gt;
&lt;ul&gt;
&lt;li&gt;You‚Äôll work with other engineers to build and own products across a modern tech stack. Our current stack includes React, Relay Modern, TypeScript, GraphQL, Node, and PostgreSQL. We rely on AWS to host our infrastructure.&lt;/li&gt;
&lt;li&gt;You‚Äôll assist in debugging and troubleshooting issues in existing applications, ensuring functionality and performance are optimized.&lt;/li&gt;
&lt;li&gt;You‚Äôll participate in code reviews and testing processes to ensure high-quality software deliverables and improve your coding skills.&lt;/li&gt;
&lt;li&gt;You‚Äôll contribute to project documentation and maintain technical documentation for reference and reporting purposes.&lt;/li&gt;
&lt;li&gt;You‚Äôll make contributions to our engineering practices, identifying and evangelizing improvements to improve our team output.&lt;/li&gt;
&lt;/ul&gt;
&lt;h2&gt;What You Will Bring to the Table&lt;/h2&gt;
&lt;p&gt;You have 2+ years of professional experience writing and maintaining production-level applications.&lt;/p&gt;
&lt;ul&gt;
&lt;li&gt;You have production-level experience writing full stack JavaScript / Typescript, and are well versed in frameworks such as React, Relay, Next.js and GraphQL.&lt;/li&gt;
&lt;li&gt;You are no stranger to SQL ‚Äî you know how to efficiently model data and write performant queries in a relational database like PostgreSQL.&lt;/li&gt;
&lt;li&gt;You seek out the root cause when debugging software defects, and champion improvements that prevent future issues.&lt;/li&gt;
&lt;li&gt;You are passionate about clean code, DRY patterns, and high-performance code.&lt;/li&gt;
&lt;li&gt;You are clear and concise in explaining your thought process and in enumerating the tradeoffs made in your work.&lt;/li&gt;
&lt;li&gt;You have strong communication skills, both verbal and written.&amp;nbsp;&lt;/li&gt;
&lt;li&gt;You can work well with designers and product managers to come up with optimal solutions.&lt;/li&gt;
&lt;/ul&gt;
&lt;p&gt;&lt;em&gt;&lt;span style=&quot;font-weight: 400;&quot;&gt;---&lt;/span&gt;&lt;/em&gt;&lt;/p&gt;
&lt;p&gt;&lt;em&gt;&lt;span style=&quot;font-weight: 400;&quot;&gt;The estimated annual cash salary for this role is $112,000 - $164,500. This position is also eligible for incentive stock options, subject to the terms of Lattice‚Äôs applicable plans.&lt;/span&gt;&lt;/em&gt;&lt;/p&gt;
&lt;p&gt;&lt;em&gt;&lt;span style=&quot;font-weight: 400;&quot;&gt;Benefits: The Company offers the following benefits for this position, subject to applicable eligibility requirements: Medical insurance; Dental insurance; Vision insurance; Life, AD&amp;amp;D, and Disability Insurance; Emergency Weather Support; Wellness Apps; Paid Parental Leave, Paid Time off inclusive of holidays and sick time; Commuter &amp;amp; Parking Accounts; Lunches in the Office; Workplace Amenities Stipend, Internet and Phone Stipend; One time WFH Office Set-Up Stipend; 401(k) retirement plan; Financial Planning; Learning &amp;amp; Development Budget; Sabbatical Program; and Invest in Your People Fund&lt;/span&gt;&lt;/em&gt;&lt;/p&gt;
&lt;p&gt;&lt;em&gt;&lt;span style=&quot;font-weight: 400;&quot;&gt;*Note on Pay Transparency:&lt;/span&gt;&lt;/em&gt;&lt;/p&gt;
&lt;p&gt;&lt;em&gt;&lt;span style=&quot;font-weight: 400;&quot;&gt;Lattice provides an estimate of the compensation for roles that may be hired as required by state regulations. Compensation may vary based on (a) location, as Lattice factors in specific location when benchmarking compensation for most roles; (b) individual candidate skills and qualifications; and (c) individual candidate experience.&lt;/span&gt;&lt;/em&gt;&lt;/p&gt;
&lt;p&gt;&lt;em&gt;&lt;span style=&quot;font-weight: 400;&quot;&gt;Additionally, Lattice leverages current market data to determine compensation, so posted compensation figures are subject to change as new market data becomes available. The salary, other compensation, and benefits information is accurate as of the date of this posting. Lattice reserves the right to modify this information at any time, subject to applicable law.&lt;/span&gt;&lt;/em&gt;&lt;/p&gt;
&lt;p&gt;#LI-remote&lt;/p&gt;&lt;div class=&quot;content-conclusion&quot;&gt;&lt;h2&gt;&lt;strong&gt;About Lattice&lt;/strong&gt;&lt;/h2&gt;
&lt;p&gt;&lt;span style=&quot;font-weight: 400;&quot;&gt;Lattice is on a mission to build cultures where employees and their companies thrive. In an age where employees have more choices than ever before, businesses that put employees first are winning üèÖ‚Äì and Lattice is building the tools to empower those people-centric companies. &lt;/span&gt;&lt;/p&gt;
&lt;p&gt;&lt;span style=&quot;font-weight: 400;&quot;&gt;Lattice is a people success platform that offers performance reviews, employee engagement surveys, real-time feedback, weekly check-ins, goal setting, and career planning in a way that allows companies to focus on employee development, growth, and engagement ‚Äì yielding stronger employee retention, performance, and impact to the bottom line üìà. Since launching in 2016, we have grown to over 5,000+ customers globally, including brands like Slack, Robinhood, and Gusto.&lt;/span&gt;&lt;span style=&quot;font-weight: 400;&quot;&gt;&amp;nbsp;&lt;/span&gt;&lt;/p&gt;
&lt;hr&gt;
&lt;p&gt;&lt;em&gt;&lt;span style=&quot;font-weight: 400;&quot;&gt;Lattice is committed to equal treatment and opportunity in all aspects of recruitment, selection, and employment without regard to gender, race, religion, national origin, ethnicity, disability, gender identity/expression, sexual orientation, veteran or military status, or any other category protected under the law. Lattice is an equal opportunity employer; committed to a community of inclusion, and an environment free from discrimination, harassment, and retaliation.&lt;/span&gt;&lt;/em&gt;&lt;/p&gt;
&lt;p&gt;&lt;em&gt;&lt;span style=&quot;font-weight: 400;&quot;&gt;By clicking the &quot;Submit Application&quot; button below, you consent to Lattice processing your personal information for the purpose of assessing your candidacy for this position in accordance with&lt;/span&gt;&lt;/em&gt;&lt;a href=&quot;https://lattice.com/privacy/job-applicant-privacy-policy&quot;&gt;&lt;em&gt;&lt;span style=&quot;font-weight: 400;&quot;&gt; &lt;/span&gt;&lt;/em&gt;&lt;span style=&quot;text-decoration: underline;&quot;&gt;&lt;em&gt;&lt;span style=&quot;font-weight: 400;&quot;&gt;Lattice&#39;s Job Applicant Privacy Policy&lt;/span&gt;&lt;/em&gt;&lt;/span&gt;&lt;/a&gt;&lt;span style=&quot;text-decoration: underline;&quot;&gt;&lt;em&gt;&lt;span style=&quot;font-weight: 400;&quot;&gt;.&lt;/span&gt;&lt;/em&gt;&lt;/span&gt;&lt;/p&gt;&lt;/div&gt;"
Summer Health,Series A,"Staff Engineer, AI",Engineering,New York Office,"<h2>Who we are</h2><p style=""min-height:1.5em"">Summer Health is helping raise the healthiest generation with 24/7 text-based access to pediatric care. We believe that every family deserves quick, reliable, trusted access to health care when and where they need it most, and our aim is to improve the health outcomes of millions of children. </p><p style=""min-height:1.5em"">We have raised over $19M through Series A funding from investors including Sequoia, Lux, 7wire Ventures, Chelsea Clinton‚Äôs Metrodora Capital, Pivotal Ventures, Box Group, and others to achieve this goal.</p><p style=""min-height:1.5em""></p><p style=""min-height:1.5em"">AI-powered technology is at the heart of our approach enabling us to scale our impact and bring our vision to life. AI is not just a part of our technology stack; it is woven into every facet of our operations, driving everything from internal processes to customer-facing solutions. Our team has developed a best-in-class healthcare experience that delivers quality care without compromising simplicity and security. We're now looking to expand our AI capabilities to enhance scalability and accessibility, ensuring healthcare remains frictionless.</p><p style=""min-height:1.5em"">We‚Äôre looking for exceptional engineers who share our passion for transforming pediatrics. We are outliers with a bias to action to raise the standard of care and what‚Äôs achievable. If you're a T-shaped engineer with hands-on AI expertise and a commitment to making a difference, we want you on our cross-functional team. Join us in our pursuit to make healthcare better and more accessible for children everywhere.</p><p style=""min-height:1.5em""></p><h2>As a Staff AI Engineer you will</h2><ul style=""min-height:1.5em""><li><p style=""min-height:1.5em"">Be a thought leader in AI technologies and trends to empower all team members.</p></li><li><p style=""min-height:1.5em"">Collaborate with product and clinical team members to understand the problems our providers and patients face.</p></li><li><p style=""min-height:1.5em"">Develop and lead our LLM platform offering to enhance all areas of our clinical offering.</p></li><li><p style=""min-height:1.5em"">Work with a small team of engineers to architect, build and maintain Summer Health.</p></li><li><p style=""min-height:1.5em"">Model and uphold high standards for an inclusive and diverse engineering team.</p></li></ul><h2><br />You may be a fit for this role if you</h2><ul style=""min-height:1.5em""><li><p style=""min-height:1.5em"">Have 6+ years of experience in software development.</p></li><li><p style=""min-height:1.5em"">Demonstrate experience and depth in building products through applying LLMs or other AI domains like NLP, ML or deep learning.</p></li><li><p style=""min-height:1.5em"">Can contribute full-stack, seeing LLM implementations from concept to production.</p></li><li><p style=""min-height:1.5em"">Are opinionated on approaches and solutions but humble to adapt and learn the right tools for the problem and team.</p></li><li><p style=""min-height:1.5em"">Have experience with HIPAA compliance or a willingness to learn.</p></li><li><p style=""min-height:1.5em"">Thrive in a collaborative yet distributed working environment. Our team is distributed throughout the US with most in NYC and SF.</p></li><li><p style=""min-height:1.5em"">Care deeply about providing the best care to the thousands of families using our platform to build the healthiest generation.</p></li></ul><p style=""min-height:1.5em""></p><h2>How we work</h2><p style=""min-height:1.5em"">Summer Health is an AI-first and tech-forward healthcare company. We‚Äôre challenging the status quo with our approach to solutions and technology. We build faster healthcare solutions in a Typescript mono-repo with tools and frameworks like NestJS, Next.js, Temporal and Medplum.</p><p style=""min-height:1.5em"">You can find out more on how we approach problems in our dev blog: <a target=""_blank"" rel=""noopener noreferrer nofollow"" href=""https://summer-health.github.io/"">https://summer-health.github.io/</a> or in the case studies and publications featuring our team‚Äôs work:</p><ul style=""min-height:1.5em""><li><p style=""min-height:1.5em"">OpenAI customer story: <a target=""_blank"" rel=""noopener noreferrer nofollow"" href=""https://openai.com/customer-stories/summer-health"">https://openai.com/customer-stories/summer-health</a></p></li><li><p style=""min-height:1.5em"">Medplum case study: <a target=""_blank"" rel=""noopener noreferrer nofollow"" href=""https://www.medplum.com/blog/summer-case-study"">https://www.medplum.com/blog/summer-case-study</a></p></li><li><p style=""min-height:1.5em"">Ops I Did it Again podcast: <a target=""_blank"" rel=""noopener noreferrer nofollow"" href=""https://www.outofpocket.health/podcasts/real-gen-ai-use-cases-in-healthcare-matthew-woo-co-founder-summer-health"">https://www.outofpocket.health/podcasts/real-gen-ai-use-cases-in-healthcare-matthew-woo-co-founder-summer-health</a></p></li></ul><p style=""min-height:1.5em""></p><h2>We‚Äôve got you covered</h2><ul style=""min-height:1.5em""><li><p style=""min-height:1.5em""><strong>Competitive base salary.</strong> Compensation offered for this role will be based on multiple factors like experience and expertise.</p></li><li><p style=""min-height:1.5em""><strong>Equity compensation.</strong> All of our offers include meaningful stock options.</p></li><li><p style=""min-height:1.5em""><strong>Non-accrual PTO.</strong> Take time off whenever you need it.</p></li><li><p style=""min-height:1.5em""><strong>Medical insurance.</strong> We cover 75% of your premium and 50% of your dependents‚Äô premiums.</p></li><li><p style=""min-height:1.5em""><strong>Dental and vision insurance.</strong> We cover 100% of the premium for you and dependents.</p></li><li><p style=""min-height:1.5em""><strong>One Medical membership.</strong> One Medical is a members-only medical concierge platform accessible to all of our employees free of charge.</p></li><li><p style=""min-height:1.5em""><strong>Retirement 401(k).</strong> Save for retirement through our plan through Slavic.</p></li><li><p style=""min-height:1.5em""><strong>Workstation setup.</strong> We offer a one-time $250 stipend to make sure you can create a work environment that supports your unique needs.</p></li><li><p style=""min-height:1.5em""><strong>Monthly book club lunches.</strong> Reimburse monthly audible + lunch of your choice each month and enjoy it over Zoom with your lovely colleagues while discussing the book of the month.</p></li><li><p style=""min-height:1.5em""><strong>Parental leave.</strong> Twelve weeks of paid leave after 1 year at the company.</p></li></ul>"
Ketryx,Series A,Senior Developer,Engineering,"Vienna, Austria","&lt;div class=&quot;content-intro&quot;&gt;&lt;p&gt;&lt;strong&gt;Ketryx&lt;/strong&gt; is saving and improving lives by making medical software safe and reliable. We empower software teams building medical applications to create safe, secure, and compliant products used by patients and providers worldwide. We believe that, by automating much of the documentation and quality processes, teams will be able to produce safer and more innovative medical software faster.&lt;/p&gt;
&lt;p&gt;Ketryx is at the forefront of helping teams incorporate AI/ML into medical software and that‚Äôs why we need you!&lt;/p&gt;&lt;/div&gt;&lt;h2&gt;The Role&lt;/h2&gt;
&lt;p&gt;Join us in an exciting opportunity as a Senior Developer, where you will become an integral part of an extraordinary team of engineers dedicated to shaping the future of software at Ketryx. In this dynamic role, you will contribute to a small, highly motivated team, actively steering projects to successful completion. Your expertise will span both the frontend and backend of Ketryx&#39;s innovative technology as you collaborate seamlessly with fellow developers to implement cutting-edge features.&lt;/p&gt;
&lt;p&gt;As a Senior Developer, you will play a pivotal role in shaping the technological landscape, assuming ownership of critical technology decisions and roadmaps. With a self-starting attitude and a robust hands-on mentality, you will be at the forefront of tackling complex problems, inspiring your team, and driving innovation. Embracing agile working models, you will foster ideation, envision future possibilities, and address detailed improvements concurrently, contributing to Ketryx&#39;s commitment to reinventing how medical device manufacturers bring life-saving innovations to market.&lt;/p&gt;
&lt;h2&gt;About You&lt;/h2&gt;
&lt;p&gt;The ideal candidate is someone who possesses a deep passion for software and a profound desire to contribute to enhancing patient treatments through technological innovation. Your innate inquisitiveness, coupled with an unwavering enthusiasm for challenging assumptions, sets you apart. With excellent communication skills in both spoken and written English, you thrive in collaborative environments, where the exchange of ideas is paramount.&lt;/p&gt;
&lt;p&gt;As a self-starter, you relish the opportunity to excel in a fast-paced startup environment, taking ownership of technology decisions and roadmaps. Your commitment to driving innovation aligns seamlessly with the ethos of our team, making you an invaluable asset in shaping the future of software at Ketryx. You are driven by a genuine love for software, a desire to improve patient outcomes, and the excitement of navigating cutting-edge challenges.&lt;/p&gt;
&lt;p&gt;You‚Äôre an EU citizen or have a working visa for Austria (unfortunately, we aren‚Äôt currently able to support non-EU citizens for this position). We are looking for someone located in or willing to relocate to Vienna. Remote in the EU will be considered for the right candidate.&lt;/p&gt;
&lt;h3&gt;Required Skills&lt;/h3&gt;
&lt;ul&gt;
&lt;li&gt;5+ years of industry experience (or equivalent) with fullstack development&lt;/li&gt;
&lt;li&gt;Prior experience with TypeScript&amp;nbsp;&lt;/li&gt;
&lt;li&gt;Prior experience with designing database schemas and performing efficient database queries&lt;/li&gt;
&lt;/ul&gt;
&lt;h3&gt;Ideal Skills&lt;/h3&gt;
&lt;ul&gt;
&lt;li&gt;Prior experience with&amp;nbsp;React&lt;/li&gt;
&lt;li&gt;Prior experience with Next.js and GraphQL&lt;/li&gt;
&lt;li&gt;Prior experience with AWS or other cloud technologies&lt;/li&gt;
&lt;li&gt;Prior experience with AI, particularly large language models&lt;/li&gt;
&lt;li&gt;Prior experience in a regulated industry&lt;/li&gt;
&lt;/ul&gt;
&lt;h2&gt;Compensation&lt;/h2&gt;
&lt;p&gt;For Austrian employees, we are offering an attractive compensation package well above the IT collectively agreed monthly minimum basic salary (IT-KV, with classification ST2/standard ‚Ç¨4,346). The anticipated gross annual salary starts at ‚Ç¨80,000 plus performance-based bonus and will be adjusted according to your qualifications and experience.&amp;nbsp;&lt;/p&gt;&lt;div class=&quot;content-conclusion&quot;&gt;&lt;h3&gt;What We Offer&lt;/h3&gt;
&lt;ul&gt;
&lt;li&gt;Competitive salary and generous stock options&lt;/li&gt;
&lt;li&gt;Work in an exciting field with a positive impact on the world&lt;/li&gt;
&lt;li&gt;Opportunity to learn and grow as part of a global team&lt;/li&gt;
&lt;li&gt;Hybrid work model (mix of work from home and office is possible)&lt;/li&gt;
&lt;li&gt;Generous PTO&lt;/li&gt;
&lt;/ul&gt;
&lt;p&gt;Ketryx is an equal opportunity employer. All qualified applicants will receive consideration for employment without regard to age, ancestry, color, family or medical care leave, gender identity or expression, genetic information, marital status, medical condition, national origin, physical or mental disability, political affiliation, protected veteran status, race, religion, sex (including pregnancy), sexual orientation, or any other characteristic protected by applicable laws, regulations and ordinances.&lt;/p&gt;
&lt;p&gt;Come join our team and help make the most important products possible.&lt;/p&gt;&lt;/div&gt;"